PLACA;CONDICIÓN;MODELO
84F024;USADO;D1
31G840;USADO;AION ES
19G539;USADO;D1
23K003;NUEVO;AION ES
23K483;NUEVO;AION ES
24K193;NUEVO;AION ES
LIBRE;;
50G505;USADO;AION ES
43G901;USADO;AION ES
08K017;USADO;AION ES
50G445;USADO;AION ES
39G795;USADO;AION ES
10K112;USADO;AION ES
38G337;USADO;AION ES
31G915;USADO;AION ES
51G510;USADO;AION ES
38G391;USADO;AION ES
08K015;USADO;AION ES
94F912;USADO;D1
44G166;USADO;AION ES
89F860;USADO;D1
13G763;USADO;D1
89F706;USADO;D1
19G532;USADO;D1
14G476;USADO;D1
84F122;USADO;D1
84F283;USADO;D1
84F080;USADO;D1
84F019;USADO;D1
52G048;USADO;AION ES
23K107;NUEVO;AION ES
19G652;USADO;D1
14G404;USADO;D1
19G565;USADO;D1
89F742;USADO;D1
19G635;USADO;D1
19G363;USADO;D1
27G507;USADO;DOLPHIN MINI
43G983;USADO;AION ES
48G105;USADO;DOLPHIN MINI
41G540;USADO;DOLPHIN MINI
27G704;USADO;DOLPHIN MINI
48G078;USADO;DOLPHIN MINI
LIBRE;;
47G923;USADO;DOLPHIN MINI
48G102;USADO;DOLPHIN MINI
48G166;USADO;DOLPHIN MINI
15K439;USADO;DOLPHIN MINI
47G837;USADO;DOLPHIN MINI
47G778;USADO;DOLPHIN MINI
47G819;USADO;DOLPHIN MINI
48G111;USADO;DOLPHIN MINI
47G413;USADO;DOLPHIN MINI
47G566;USADO;DOLPHIN MINI
48G139;USADO;DOLPHIN MINI
27G605;USADO;DOLPHIN MINI
51G620;USADO;DOLPHIN MINI
27G723;USADO;DOLPHIN MINI
47G913;USADO;DOLPHIN MINI
LIBRE;;
48G110;USADO;DOLPHIN MINI
47G579;USADO;DOLPHIN MINI
47G479;USADO;DOLPHIN MINI
11K125;USADO;DOLPHIN MINI
48G147;USADO;DOLPHIN MINI
31G757;USADO;AION ES
50G903;USADO;AION ES
39G936;USADO;AION ES
48G109;USADO;DOLPHIN MINI
47G715;USADO;DOLPHIN MINI
47G862;USADO;DOLPHIN MINI
48G257;USADO;DOLPHIN MINI
47G556;USADO;DOLPHIN MINI
15K074;USADO;DOLPHIN MINI
13G874;USADO;D1
48G234;USADO;DOLPHIN MINI
14G411;USADO;D1
47G936;USADO;DOLPHIN MINI
11K170;USADO;DOLPHIN MINI
48G171;USADO;DOLPHIN MINI
51G544;USADO;DOLPHIN MINI
14G445;USADO;D1
08G191;USADO;D1
11K126;USADO;DOLPHIN MINI
LIBRE;;
51G682;USADO;AION ES
09K938;USADO;AION ES
48G145;USADO;DOLPHIN MINI
39G877;USADO;AION ES
89F788;USADO;D1
89F975;USADO;D1
62G257;USADO;DOLPHIN MINI
11K507;USADO;DOLPHIN MINI
07K824;USADO;AION ES
43G872;USADO;AION ES
09K937;USADO;AION ES
31G619;USADO;AION ES
09K889;USADO;AION ES
19G372;USADO;D1
84F091;USADO;D1
89F866;USADO;D1
LIBRE;;
LIBRE;;
B66BPX;USADO;AVANZA
LIBRE;;
H08BSW;NUEVO;AVANZA
H86BSW;NUEVO;AVANZA
H64BSW;NUEVO;AVANZA
16K177;NUEVO;DOLPHIN MINI
13G718;USADO;D1
19G533;USADO;D1
19G605;USADO;D1
48G053;USADO;DOLPHIN MINI
19K414;USADO;AION ES
13G519;USADO;DOLPHIN MINI
47G442;USADO;DOLPHIN MINI
48G173;USADO;DOLPHIN MINI
13G671;USADO;DOLPHIN MINI
15K147;USADO;DOLPHIN MINI
13G647;USADO;DOLPHIN MINI
27G716;USADO;DOLPHIN MINI
47G517;USADO;DOLPHIN MINI
50G881;USADO;AION ES
31G432;USADO;AION ES
50G954;USADO;AION ES
28G708;USADO;AION ES
08K014;USADO;AION ES
08K018;USADO;AION ES
29G385;USADO;AION ES
31G919;USADO;AION ES
44G007;USADO;AION ES
09K939;USADO;AION ES
23G343;USADO;AION ES
37G930;USADO;AION ES
50G782;USADO;AION ES
51G536;USADO;AION ES
09K863;USADO;AION ES
LIBRE;;
P42BRD;USADO;AVEO
48G269;USADO;DOLPHIN MINI
09K340;USADO;AION ES
27G593;USADO;DOLPHIN MINI
11K501;USADO;DOLPHIN MINI
51G663;USADO;DOLPHIN MINI
51G590;USADO;AION ES
E99BPN;USADO;AVANZA
47G922;USADO;DOLPHIN MINI
50G796;USADO;AION ES
LIBRE;;
LIBRE;;
LIBRE;;
15K866;NUEVO;DOLPHIN MINI
13G875;USADO;D1
89F763;USADO;D1
G28BSW;NUEVO;AVANZA
22K656;NUEVO;DOLPHIN MINI
19K318;NUEVO;DOLPHIN MINI
22K760;NUEVO;DOLPHIN MINI
19K051;NUEVO;DOLPHIN MINI
23K879;NUEVO;DOLPHIN MINI
15K595;NUEVO;DOLPHIN MINI
19K642;NUEVO;DOLPHIN MINI
16K194;NUEVO;DOLPHIN MINI
15K864;NUEVO;DOLPHIN MINI
20K045;NUEVO;DOLPHIN MINI
16K349;NUEVO;DOLPHIN MINI
16K354;NUEVO;DOLPHIN MINI
51G580;NUEVO;DOLPHIN MINI
SIN PLACA;NUEVO;DOLPHIN MINI
47G422;USADO;DOLPHIN MINI
47G782;USADO;DOLPHIN MINI
48G288;USADO;DOLPHIN MINI
11K500;USADO;DOLPHIN MINI
47G719;USADO;DOLPHIN MINI
41G439;USADO;DOLPHIN MINI
48G289;USADO;DOLPHIN MINI
48G272;USADO;DOLPHIN MINI
41G629;USADO;DOLPHIN MINI
19K405;NUEVO;DOLPHIN MINI
22K609;NUEVO;DOLPHIN MINI
20K060;NUEVO;DOLPHIN MINI
16K671;NUEVO;DOLPHIN MINI
16K676;NUEVO;DOLPHIN MINI
15K805;NUEVO;DOLPHIN MINI
15K810;NUEVO;DOLPHIN MINI
23K969;NUEVO;DOLPHIN MINI
16K453;NUEVO;DOLPHIN MINI
LIBRE;;
16K193;NUEVO;DOLPHIN MINI
16K350;NUEVO;DOLPHIN MINI
47G932;USADO;DOLPHIN MINI
15K313;USADO;DOLPHIN MINI
41G508;USADO;DOLPHIN MINI
47G855;USADO;DOLPHIN MINI
48G299;USADO;DOLPHIN MINI
48G018;USADO;DOLPHIN MINI
47G498;USADO;DOLPHIN MINI
41G588;USADO;DOLPHIN MINI
15K063;USADO;DOLPHIN MINI
41G582;USADO;DOLPHIN MINI
LIBRE;;
62G215;USADO;E5
19K404;NUEVO;DOLPHIN MINI
19K711;NUEVO;DOLPHIN MINI
24K765;NUEVO;DOLPHIN MINI
22K757;NUEVO;DOLPHIN MINI
22K649;NUEVO;DOLPHIN MINI
19K738;NUEVO;DOLPHIN MINI
22K986;NUEVO;DOLPHIN MINI
16K686;NUEVO;DOLPHIN MINI
19K726;NUEVO;DOLPHIN MINI
16K454;NUEVO;DOLPHIN MINI
19K735;NUEVO;DOLPHIN MINI
16K655;NUEVO;DOLPHIN MINI
16K192;NUEVO;DOLPHIN MINI
20K043;NUEVO;DOLPHIN MINI
20K042;NUEVO;DOLPHIN MINI
15K856;NUEVO;DOLPHIN MINI
23K470;NUEVO;DOLPHIN MINI
16K362;NUEVO;DOLPHIN MINI
25K365;NUEVO;DOLPHIN MINI
11K124;USADO;DOLPHIN MINI
51G913;USADO;E5
42G701;USADO;AION ES
41G615;USADO;DOLPHIN MINI
41G301;USADO;DOLPHIN MINI
LIBRE;;
LIBRE;;
LIBRE;;
19G380;USADO;D1
19G346;USADO;D1
E78BPF;USADO;AVEO
L05BNL;USADO;AVEO
D04BPN;USADO;AVEO
E94BRJ;USADO;AVEO
Y24BNL;USADO;AVEO
S03BSJ;USADO;AVEO
51G572;USADO;AION ES
51G541;USADO;AION ES
47G926;USADO;DOLPHIN MINI
R10BPH;USADO;AVEO
43K444;NUEVO;AION UT
;;
47G814;USADO;DOLPHIN MINI
51G648;USADO;DOLPHIN MINI
44K303;NUEVO;AION UT
45K105;NUEVO ;AION UT
44K304;NUEVO;AION UT
;;
UMF784J;USADO;AVEO
D86BPF;USADO;AVEO
20K490;NUEVO ;AION ES
44K754;NUEVO;AION UT
45K108;NUEVO;AION UT
44K972;NUEVO;AION UT
44K751;NUEVO;AION UT
44K971;NUEVO;AION UT
45K106;NUEVO;AION UT
44K987;NUEVO;AION UT
45K124;NUEVO;AION UT
LIBRE;;
LIBRE;;
LIBRE;;
44K988;NUEVO;AION UT
44K603;NUEVO;AION UT
45K123;NUEVO;AION UT
45K122;NUEVO;AION UT
44K753;NUEVO;AION UT
44K974;NUEVO;AION UT
LIBRE;;
13G955;USADO;D1
Z85BNL;USADO;AVEO
31G905;USADO;AION ES
23K873;NUEVO;AION ES
22K998;NUEVO;AION ES
23K874;NUEVO;AION ES
24K192;NUEVO;AION ES
50G774;USADO;AION ES
24K172;NUEVO;AION ES
14G281;USADO;D1
22K993;NUEVO;AION ES
24K971;NUEVO;AION ES
23K734;NUEVO;AION ES
23K877;NUEVO;AION ES
51G623;USADO;AION ES
ULM696H;USADO;AVEO
40G008;USADO;AION ES
09K158;USADO;AION ES
M20BSF;USADO;AVEO
LIBRE;;
51G662;USADO;AION ES
42G765;USADO;AION ES
50G970;USADO;AION ES
62G330;USADO;AION ES
25K055;NUEVO;AION ES
51G564;USADO;AION ES
LIBRE;;
LIBRE;;
09K866;;
43G806;;
62G248;;
41G452;;
LIBRE;;
LIBRE;;
LIBRE;;
19G527;USADO;D1
13G965;USADO;D1
19G469;USADO;D1
08G193;USADO;D1
08G119;USADO;D1
52G034;USADO;AION ES
56F792;USADO;AION ES
62G265;USADO;E5
LIBRE;;
50G673;USADO;AION ES
25K167;NUEVO;AION ES
20K346;NUEVO;AION ES
25K169;NUEVO;AION ES
25K181;NUEVO;AION ES
25K311;NUEVO;AION ES
51G930;USADO;AION ES
62G306;USADO;E5
51G511;USADO;AION ES
07K826;USADO;AION ES
20K343;USADO;AION ES
25K184;NUEVO;AION ES
25K185;NUEVO;AION ES
25K183;NUEVO;AION ES
25K331;NUEVO;AION ES
20K415;NUEVO;AION ES
43G996;USADO;AION ES
62G287;USADO;E5
20K493;NUEVO;AION ES
20K417;NUEVO;AION ES
20K494;NUEVO;AION ES
25K363;NUEVO;AION ES
LIBRE;;
LIBRE;;
LIBRE;;
LIBRE;;
LIBRE;;
LIBRE;;
LIBRE;;
20K485;NUEVO;AION ES
24K775;NUEVO;AION ES
25K335;NUEVO;AION ES
20K486;NUEVO;AION ES
J33BSW;NUEVO;AVANZA
J91BSW;NUEVO;AVANZA
J73BSW;NUEVO;AVANZA
J29BSW;NUEVO;AVANZA
J35BSW;NUEVO;AVANZA
